SampleID	SequenceName	BarcodeSequence	LinkerPrimerSequence	BarcodeNumber	IlluminaRun	Study	SampleType	Site	Date	ZE.1	ZE.2	ZE.avg.Bd	SiteName	TTX_Hypothesized	TTX_Real	Bd_Presence	Sex	Mass_g	SVL_mm	TL_mm	Whole TTX	Notes	Qubit [ ] ng/uL	Vol. of sample (ul; based on 200ng total DNA)	Description	faith_pd	shannon_entropy	pielou_evenness	observed_features
LSSP-01	IL515rcbc0	AGCCTTCGTCGC	GTGYCAGCMGCCGCGGTAA	0	WalkeJW23C	TJALH_TTX	Swab	LSSP	05/24/21	0	0	0	LSSP	Low	Low	0	M	11	72.1	155.3	0.119		34.2	5.847953216	WalkeJW23C_TJALH_TTX_LSSP-01	13.0331760474093	3.74746969187216	0.496052103621756	188
GRP-23	IL515rcbc1	TCCATACCGGAA	GTGYCAGCMGCCGCGGTAA	1	WalkeJW23C	TJALH_TTX	Swab	GRP	06/05/21	490	1140	813	GRP	High	High	1	F	17	87	189.2	5.303		54	3.703703704	WalkeJW23C_TJALH_TTX_GRP-23	27.0564019890699	6.69581317187697	0.742592385048359	518
SLNF-08	IL515rcbc2	AGCCCTGCTACA	GTGYCAGCMGCCGCGGTAA	2	WalkeJW23C	TJALH_TTX	Swab	SLNF	07/15/21	0	0	0	SLNF	Low	Low	0	M	14	78.7	142.1	0.11	Short tail (regrowing)	27.4	7.299270073	WalkeJW23C_TJALH_TTX_SLNF-08	15.1257208384395	5.10282040176006	0.653591447129347	224
WBC-01	IL515rcbc3	CCTAACGGTCCA	GTGYCAGCMGCCGCGGTAA	3	WalkeJW23C	TJALH_TTX	Swab	WBC	05/18/21	0	0	0	WBC	Low	Low	0	M	18	79	176.8	0.063		46.2	4.329004329	WalkeJW23C_TJALH_TTX_WBC-01	2.81521755367502	1.57421033960983	0.320816270291147	30
FCSP-02	IL515rcbc4	CGCGCCTTAAAC	GTGYCAGCMGCCGCGGTAA	4	WalkeJW23C	TJALH_TTX	Swab	FSCP	06/12/21	0	0	0	FCSP	High	Low	0	M	19	84	194.3	0.117		27.3	7.326007326	WalkeJW23C_TJALH_TTX_FCSP-02	27.9326001605384	6.41532163758282	0.709529250106842	527
GRP-01	IL515rcbc5	TATGGTACCCAG	GTGYCAGCMGCCGCGGTAA	5	WalkeJW23C	TJALH_TTX	Swab	GRP	06/05/21	0	0	0	GRP	High	High	0	F	14	75.8	173.2	1.656		44	4.545454545	WalkeJW23C_TJALH_TTX_GRP-01	23.1086187610794	5.23984630079243	0.6200112896785	350
TMC-08	IL515rcbc6	TACAATATCTGT	GTGYCAGCMGCCGCGGTAA	6	WalkeJW23C	TJALH_TTX	Swab	TMC	06/21/21	749	366	557	TMC	High	Low	1	M	20	83.9	189.3	0.548		55	3.636363636	WalkeJW23C_TJALH_TTX_TMC-08	10.6891827336413	4.56370056992591	0.618077375414063	167
GRP-10	IL515rcbc7	AATTTAGGTAGG	GTGYCAGCMGCCGCGGTAA	7	WalkeJW23C	TJALH_TTX	Swab	GRP	06/05/21	1930	1830	1880	GRP	High	High	1	M	18	85	181.6	6.689		23.5	8.510638298	WalkeJW23C_TJALH_TTX_GRP-10	10.974955398957	3.92807914215554	0.573820006007259	115
WBC-25	IL515rcbc8	GACTCAACCAGT	GTGYCAGCMGCCGCGGTAA	8	WalkeJW23C	TJALH_TTX	Swab	WBC	05/19/21	0	0	0	WBC	Low	Low	0	F	14	73.6	166	0.322		42.7	4.683840749	WalkeJW23C_TJALH_TTX_WBC-25	2.57333010200287	2.66834124930529	0.520217200043403	35
WBC-07	IL515rcbc9	GCCTCTACGTCG	GTGYCAGCMGCCGCGGTAA	9	WalkeJW23C	TJALH_TTX	Swab	WBC	05/18/21	0	0	0	WBC	Low	Low	0	M	14	70.8	146.7	0.203		36.3	5.509641873	WalkeJW23C_TJALH_TTX_WBC-07	2.7917853473109	3.51890398463673	0.640749838517803	45
LSSP-06	IL515rcbc10	ACTACTGAGGAT	GTGYCAGCMGCCGCGGTAA	10	WalkeJW23C	TJALH_TTX	Swab	LSSP	05/24/21	0	0	0	LSSP	Low	Low	0	F	12	73	178.1	0.158		11.2	17.85714286	WalkeJW23C_TJALH_TTX_LSSP-06	23.5951161238593	5.82975614194608	0.65474320559833	479
TMC-11	IL515rcbc11	AATTCACCTCCT	GTGYCAGCMGCCGCGGTAA	11	WalkeJW23C	TJALH_TTX	Swab	TMC	06/21/21	0	0	0	TMC	High	High	0	M	18	77.7	167.7	5.59	Lethargic prior to the MS-222 anesthetization	15.1	13.24503311	WalkeJW23C_TJALH_TTX_TMC-11	15.9396173283259	5.66111396879941	0.714889725857644	242
GRP-03	IL515rcbc12	CGTATAAATGCG	GTGYCAGCMGCCGCGGTAA	12	WalkeJW23C	TJALH_TTX	Swab	GRP	06/05/21	0	0	0	GRP	High	High	0	M	13	75	169.2	2.283		54	3.703703704	WalkeJW23C_TJALH_TTX_GRP-03	13.3756570870719	4.54791986943362	0.602007595479358	188
GRP-21	IL515rcbc15	TTCCTTAGTAGT	GTGYCAGCMGCCGCGGTAA	15	WalkeJW23C	TJALH_TTX	Swab	GRP	06/05/21	0	0	0	GRP	High	High	0	M	20	84	196.1	6.555		60	3.333333333	WalkeJW23C_TJALH_TTX_GRP-21	11.5873786934107	2.98859261950059	0.408675024306386	159
WBC-22	IL515rcbc16	CGTCCGTATGAA	GTGYCAGCMGCCGCGGTAA	16	WalkeJW23C	TJALH_TTX	Swab	WBC	05/19/21	417	486	451	WBC	Low	Low	1	M	20	83.8	183.6	0.257		27.2	7.352941176	WalkeJW23C_TJALH_TTX_WBC-22	3.83205054189217	2.72394761898514	0.464997687983421	58
GRP-05	IL515rcbc17	ACGTGAGGAACG	GTGYCAGCMGCCGCGGTAA	17	WalkeJW23C	TJALH_TTX	Swab	GRP	06/05/21	954	1330	1140	GRP	High	High	1	M	16	77.3	166.6	4.328		40.8	4.901960784	WalkeJW23C_TJALH_TTX_GRP-05	15.7770218701063	5.09758311420052	0.651319431864275	227
TMC-10	IL515rcbc18	GGTTGCCCTGTA	GTGYCAGCMGCCGCGGTAA	18	WalkeJW23C	TJALH_TTX	Swab	TMC	06/21/21	0	0	0	TMC	High	High	0	M	15	79.8	169.6	4.583		40	5	WalkeJW23C_TJALH_TTX_TMC-10	21.0322313992389	7.4590130748512	0.820086584033587	547
GRP-07	IL515rcbc19	CATATAGCCCGA	GTGYCAGCMGCCGCGGTAA	19	WalkeJW23C	TJALH_TTX	Swab	GRP	06/05/21	399	399	399	GRP	High	High	1	F	17	79.6	183.6	4.871	Shedding Skin	52	3.846153846	WalkeJW23C_TJALH_TTX_GRP-07	31.2044373877292	6.74261287150388	0.737328032656566	566
FCSP-07	IL515rcbc20	GCCTATGAGATC	GTGYCAGCMGCCGCGGTAA	20	WalkeJW23C	TJALH_TTX	Swab	FSCP	06/12/21	0	0	0	FCSP	High	Low	0	M	15	68	158.2	0.136	Odd black circular	41.3	4.842615012	WalkeJW23C_TJALH_TTX_FCSP-07	30.7206550525404	8.10079488156907	0.84351416752051	778
SLNF-05	IL515rcbc21	CAAGTGAAGGGA	GTGYCAGCMGCCGCGGTAA	21	WalkeJW23C	TJALH_TTX	Swab	SLNF	07/15/21	0	0	0	SLNF	Low	Low	0	F	8	68.2	139.3	0.255		49.8	4.016064257	WalkeJW23C_TJALH_TTX_SLNF-05	14.2567144832359	4.71745635469648	0.606763415966594	219
WBC-24	IL515rcbc22	CACGTTTATTCC	GTGYCAGCMGCCGCGGTAA	22	WalkeJW23C	TJALH_TTX	Swab	WBC	05/19/21	1240	1400	1320	WBC	Low	Low	1	M	12	75.2	156.2	0.256		46.7	4.282655246	WalkeJW23C_TJALH_TTX_WBC-24	3.47296297664055	3.24816525245197	0.598600584248547	43
LSSP-02	IL515rcbc23	TAATCGGTGCCA	GTGYCAGCMGCCGCGGTAA	23	WalkeJW23C	TJALH_TTX	Swab	LSSP	05/24/21	0	0	0	LSSP	Low	Low	0	F	15	80.3	170.7	0.598	Shedding skin	14	14.28571429	WalkeJW23C_TJALH_TTX_LSSP-02	15.8646559745239	3.7831060965163	0.474919475763432	250
GRP-04	IL515rcbc24	TGACTAATGGCC	GTGYCAGCMGCCGCGGTAA	24	WalkeJW23C	TJALH_TTX	Swab	GRP	06/05/21	0	0	0	GRP	High	High	0	M	15	81.7	182.9	4.764		52	3.846153846	WalkeJW23C_TJALH_TTX_GRP-04	15.8137985613608	4.89525966566356	0.606893818066713	268
TMC-01	IL515rcbc25	CGGGACACCCGA	GTGYCAGCMGCCGCGGTAA	25	WalkeJW23C	TJALH_TTX	Swab	TMC	06/21/21	0	0	0	TMC	High	Low	0	F	11	67	137.4	0.825		41.9	4.77326969	WalkeJW23C_TJALH_TTX_TMC-01	28.7651474574814	7.55291793284743	0.82056163339737	590
LSSP-07	IL515rcbc26	CTGTCTATACTA	GTGYCAGCMGCCGCGGTAA	26	WalkeJW23C	TJALH_TTX	Swab	LSSP	05/24/21	0	0	0	LSSP	Low	Low	0	M	14	79.2	162.3	0.185		48.1	4.158004158	WalkeJW23C_TJALH_TTX_LSSP-07	30.0093018061563	7.24582202754847	0.772705486782777	665
SLNF-02	IL515rcbc27	TATGCCAGAGAT	GTGYCAGCMGCCGCGGTAA	27	WalkeJW23C	TJALH_TTX	Swab	SLNF	07/15/21	1550	1860	1700	SLNF	Low	Low	1	F	10	69.2	144	0.359	Potent smell and more than usual foam	34.8	5.747126437	WalkeJW23C_TJALH_TTX_SLNF-02	15.4938402775848	4.501843164688	0.583057289468883	211
WBC-10	IL515rcbc28	CGTTTGGAATGA	GTGYCAGCMGCCGCGGTAA	28	WalkeJW23C	TJALH_TTX	Swab	WBC	05/18/21	440	838	639	WBC	Low	Low	1	M	20	89.6	194.8	0.412		57	3.50877193	WalkeJW23C_TJALH_TTX_WBC-10	3.94162365951672	2.58759010685242	0.460859096675224	49
GRP-12	IL515rcbc29	AAGAACTCATGA	GTGYCAGCMGCCGCGGTAA	29	WalkeJW23C	TJALH_TTX	Swab	GRP	06/05/21	260	275	268	GRP	High	High	1	M	16	74.4	155	4.123		58	3.448275862	WalkeJW23C_TJALH_TTX_GRP-12	9.23205878297287	1.76484851504779	0.265636170416209	100
WBC-16	IL515rcbc31	CGGTGACCTACT	GTGYCAGCMGCCGCGGTAA	31	WalkeJW23C	TJALH_TTX	Swab	WBC	05/19/21	573	831	702	WBC	Low	Low	1	M	24	86.1	170.9	0.562		55	3.636363636	WalkeJW23C_TJALH_TTX_WBC-16	3.18288699198378	3.65257162558997	0.665089098619746	45
WBC-21	IL515rcbc32	AATGCGCGTATA	GTGYCAGCMGCCGCGGTAA	32	WalkeJW23C	TJALH_TTX	Swab	WBC	05/19/21	0	0	0	WBC	Low	Low	0	M	20	80	180.4	0.345		31.1	6.430868167	WalkeJW23C_TJALH_TTX_WBC-21	3.03275498113212	2.82211990017243	0.530281478790284	40
GRP-06	IL515rcbc33	CTTGATTCTTGA	GTGYCAGCMGCCGCGGTAA	33	WalkeJW23C	TJALH_TTX	Swab	GRP	06/05/21	0	0	0	GRP	High	High	0	M	14	74.3	154.3	5.355		44.7	4.474272931	WalkeJW23C_TJALH_TTX_GRP-06	16.1984075529944	2.84719993578474	0.363787426910873	227
WBC-17	IL515rcbc34	GAAATCTTGAAG	GTGYCAGCMGCCGCGGTAA	34	WalkeJW23C	TJALH_TTX	Swab	WBC	05/19/21	0	0	0	WBC	Low	Low	0	M	17	80.3	179.6	0.165		38.5	5.194805195	WalkeJW23C_TJALH_TTX_WBC-17	1.52521710288176	1.91724890394522	0.418160214755009	24
WBC-11	IL515rcbc37	ACCTTACACCTT	GTGYCAGCMGCCGCGGTAA	37	WalkeJW23C	TJALH_TTX	Swab	WBC	05/19/21	0	0	0	WBC	Low	Low	0	M	21	89	183.2	0.492		40.9	4.88997555	WalkeJW23C_TJALH_TTX_WBC-11	3.19100730334729	1.38694971473887	0.277389942947775	32
GRP-13	IL515rcbc38	TAATCTCGCCGG	GTGYCAGCMGCCGCGGTAA	38	WalkeJW23C	TJALH_TTX	Swab	GRP	06/05/21	0	0	0	GRP	High	High	0	M	11	79.3	167.1	4.055		43.3	4.618937644	WalkeJW23C_TJALH_TTX_GRP-13	28.4014704741116	6.60650860647823	0.735914292834325	504
GRP-15	IL515rcbc39	ATCTAGTGGCAA	GTGYCAGCMGCCGCGGTAA	39	WalkeJW23C	TJALH_TTX	Swab	GRP	06/05/21	656	617	636	GRP	High	High	1	M	15	76	172.1	5.289		57	3.50877193	WalkeJW23C_TJALH_TTX_GRP-15	12.718795747691	4.01518691360738	0.548378359029644	160
WBC-05	IL515rcbc40	ACGCTTAACGAC	GTGYCAGCMGCCGCGGTAA	40	WalkeJW23C	TJALH_TTX	Swab	WBC	05/18/21	0	0	0	WBC	Low	Low	0	M	17	79.1	188.1	0.32		59	3.389830508	WalkeJW23C_TJALH_TTX_WBC-05	2.47114148958737	2.73355452679656	0.574893627988631	27
GRP-11	IL515rcbc41	TACGGATTATGG	GTGYCAGCMGCCGCGGTAA	41	WalkeJW23C	TJALH_TTX	Swab	GRP	06/05/21	0	0	0	GRP	High	High	0	M	17	79.4	181.1	4.623		31.5	6.349206349	WalkeJW23C_TJALH_TTX_GRP-11	25.5343827351188	5.62041557237515	0.648875497494083	405
TMC-09	IL515rcbc42	ATACATGCAAGA	GTGYCAGCMGCCGCGGTAA	42	WalkeJW23C	TJALH_TTX	Swab	TMC	06/21/21	571	1210	891	TMC	High	High	1	M	13	79.2	167.9	3.926		30	6.666666667	WalkeJW23C_TJALH_TTX_TMC-09	15.4827815335887	5.75776229511834	0.708274306985825	280
GRP-18	IL515rcbc43	CTTAGTGCAGAA	GTGYCAGCMGCCGCGGTAA	43	WalkeJW23C	TJALH_TTX	Swab	GRP	06/05/21	0	0	0	GRP	High	High	0	M	14	76.9	161.7	4.117		28.9	6.920415225	WalkeJW23C_TJALH_TTX_GRP-18	14.58137401355	5.38940293997724	0.694968552216096	216
GRP-22	IL515rcbc44	AATCTTGCGCCG	GTGYCAGCMGCCGCGGTAA	44	WalkeJW23C	TJALH_TTX	Swab	GRP	06/05/21	1720	2280	2000	GRP	High	High	1	M	17	81.7	173	5.878		31.7	6.309148265	WalkeJW23C_TJALH_TTX_GRP-22	15.4060547997999	5.21437159729364	0.659974623547197	239
WBC-03	IL515rcbc45	AGGATCAGGGAA	GTGYCAGCMGCCGCGGTAA	45	WalkeJW23C	TJALH_TTX	Swab	WBC	05/18/21	1560	1390	1470	WBC	Low	Low	1	F	14	69.4	141.9	0.133		49.1	4.073319756	WalkeJW23C_TJALH_TTX_WBC-03	3.55493593692221	3.75508439690314	0.646608386658185	56
SLNF-06	IL515rcbc46	AATAACTAGGGT	GTGYCAGCMGCCGCGGTAA	46	WalkeJW23C	TJALH_TTX	Swab	SLNF	07/15/21	350	1220	785	SLNF	Low	Low	1	M	12	78	175.1	0.307		40.4	4.95049505	WalkeJW23C_TJALH_TTX_SLNF-06	12.1270597257781	3.72189103719928	0.51152108318838	155
LSSP-03	IL515rcbc47	TATTGCAGCAGC	GTGYCAGCMGCCGCGGTAA	47	WalkeJW23C	TJALH_TTX	Swab	LSSP	05/24/21	0	0	0	LSSP	Low	Low	0	M	14	77.2	164.8	0.6		51	3.921568627	WalkeJW23C_TJALH_TTX_LSSP-03	12.2715242040431	4.87459355973844	0.646569953209677	186
WBC-02	IL515rcbc48	TGATGTGCTAAG	GTGYCAGCMGCCGCGGTAA	48	WalkeJW23C	TJALH_TTX	Swab	WBC	05/18/21	0	0	0	WBC	Low	Low	0	F	12	73.1	168.2	0.249	Parasite under skin where biopsied?	49	4.081632653	WalkeJW23C_TJALH_TTX_WBC-02	4.58514692328883	3.0953872516141	0.528405137228803	58
FCSP-01	IL515rcbc49	GTAGTAGACCAT	GTGYCAGCMGCCGCGGTAA	49	WalkeJW23C	TJALH_TTX	Swab	FSCP	06/12/21	0	0	0	FCSP	High	Low	0	M	21	86.7	194.4	0.089	Pooped in mucosome bath	32.3	6.191950464	WalkeJW23C_TJALH_TTX_FCSP-01	15.6852516356632	5.68902545364266	0.711128181705332	256
LSSP-09	IL515rcbc50	AGTAAAGATCGT	GTGYCAGCMGCCGCGGTAA	50	WalkeJW23C	TJALH_TTX	Swab	LSSP	05/24/21	0	0	0	LSSP	Low	Low	0	F	11	70.7	147	0.158	Odd speckling (took photo)	45.9	4.357298475	WalkeJW23C_TJALH_TTX_LSSP-09	25.5820302873911	8.10253365324464	0.86307187204404	670
GRP-24	IL515rcbc52	TCTCTTTCGACA	GTGYCAGCMGCCGCGGTAA	52	WalkeJW23C	TJALH_TTX	Swab	GRP	06/05/21	4090	4260	4180	GRP	High	High	1	M	15	78.7	172.6	5.17		33.8	5.917159763	WalkeJW23C_TJALH_TTX_GRP-24	14.5438855442496	4.29027723442395	0.549972091613146	223
TMC-04	IL515rcbc53	ACATACTGAGCA	GTGYCAGCMGCCGCGGTAA	53	WalkeJW23C	TJALH_TTX	Swab	TMC	06/21/21	281	273	277	TMC	High	Low	1	M	12	76.9	167.3	0.375		47.4	4.219409283	WalkeJW23C_TJALH_TTX_TMC-04	21.3828633158781	7.16782859619946	0.798186769173119	505
WBC-14	IL515rcbc54	GTTGATACGATG	GTGYCAGCMGCCGCGGTAA	54	WalkeJW23C	TJALH_TTX	Swab	WBC	05/19/21	1020	568	793	WBC	Low	Low	1	F	14	75.9	149.2	0.255		51	3.921568627	WalkeJW23C_TJALH_TTX_WBC-14	3.94242689828526	3.09077620280761	0.562792949591686	45
WBC-18	IL515rcbc55	GTCAACGCTGTC	GTGYCAGCMGCCGCGGTAA	55	WalkeJW23C	TJALH_TTX	Swab	WBC	05/19/21	724	1310	1020	WBC	Low	Low	1	M	22	84.4	192.6	0.918		36.3	5.509641873	WalkeJW23C_TJALH_TTX_WBC-18	1.94114109767424	2.24305613120066	0.502991484795116	22
GRP-20	IL515rcbc56	TGAGACCCTACA	GTGYCAGCMGCCGCGGTAA	56	WalkeJW23C	TJALH_TTX	Swab	GRP	06/05/21	0	0	0	GRP	High	High	0	F	12	72.1	145.6	4.064		40.6	4.926108374	WalkeJW23C_TJALH_TTX_GRP-20	14.4638468357921	3.06797328623739	0.403685325074659	194
GRP-09	IL515rcbc57	ACTTGGTGTAAG	GTGYCAGCMGCCGCGGTAA	57	WalkeJW23C	TJALH_TTX	Swab	GRP	06/05/21	1120	1100	1110	GRP	High	High	1	M	15	78.2	181.2	5.329		33.4	5.988023952	WalkeJW23C_TJALH_TTX_GRP-09	27.7001385069838	6.24839527006011	0.695140110905804	508
WBC-19	IL515rcbc58	ATTACGTATCAT	GTGYCAGCMGCCGCGGTAA	58	WalkeJW23C	TJALH_TTX	Swab	WBC	05/19/21	777	1480	1130	WBC	Low	High	1	M	21	86.8	171.9	1.719		12.5	16	WalkeJW23C_TJALH_TTX_WBC-19	3.96931626920984	3.38823560173018	0.539064245015572	78
GRP-17	IL515rcbc59	CACGCAGTCTAC	GTGYCAGCMGCCGCGGTAA	59	WalkeJW23C	TJALH_TTX	Swab	GRP	06/05/21	2960	3420	3190	GRP	High	High	1	M	19	82.9	130.6	5.271	Short tail (regrowing)	51	3.921568627	WalkeJW23C_TJALH_TTX_GRP-17	14.6554121472427	4.37921129773433	0.577928397233066	191
FCSP-03	IL515rcbc60	TGTGCACGCCAT	GTGYCAGCMGCCGCGGTAA	60	WalkeJW23C	TJALH_TTX	Swab	FSCP	06/12/21	0	0	0	FCSP	High	Low	0	M	14	75.1	168.7	0.061		51	3.921568627	WalkeJW23C_TJALH_TTX_FCSP-03	14.3391107416286	3.95381971718423	0.505180504995862	227
LSSP-05	IL515rcbc61	CCGGACAAGAAG	GTGYCAGCMGCCGCGGTAA	61	WalkeJW23C	TJALH_TTX	Swab	LSSP	05/24/21	0	0	0	LSSP	Low	Low	0	M	17	82.8	183.6	0.203		58	3.448275862	WalkeJW23C_TJALH_TTX_LSSP-05	26.5723410713213	6.83945281275811	0.756897012609011	525
WBC-15	IL515rcbc62	TTGCTGGACGCT	GTGYCAGCMGCCGCGGTAA	62	WalkeJW23C	TJALH_TTX	Swab	WBC	05/19/21	520	1180	850	WBC	Low	High	1	M	18	78.6	181.8	1.484		31.7	6.309148265	WalkeJW23C_TJALH_TTX_WBC-15	3.12989858381686	2.75407576201362	0.521072124309675	39
SLNF-03	IL515rcbc63	TACTAACGCGGT	GTGYCAGCMGCCGCGGTAA	63	WalkeJW23C	TJALH_TTX	Swab	SLNF	07/15/21	0	0	0	SLNF	Low	Low	0	M	19	79	185.2	0.284	Dropped most of first mucosome bath; Potent smell and more than usual foam	32.6	6.134969325	WalkeJW23C_TJALH_TTX_SLNF-03	16.1726749032641	5.23454748848482	0.679162265411598	209
TMC-07	IL515rcbc64	GCGATCACACCT	GTGYCAGCMGCCGCGGTAA	64	WalkeJW23C	TJALH_TTX	Swab	TMC	06/21/21	0	0	0	TMC	High	Low	0	M	14	75.3	163.7	0.503		39.2	5.102040816	WalkeJW23C_TJALH_TTX_TMC-07	10.7689689016542	4.8938115273516	0.662013174958067	168
GRP-08	IL515rcbc65	CAAACGCACTAA	GTGYCAGCMGCCGCGGTAA	65	WalkeJW23C	TJALH_TTX	Swab	GRP	06/05/21	5590	4450	5020	GRP	High	High	1	F	15	78.4	179	5.694		41.5	4.819277108	WalkeJW23C_TJALH_TTX_GRP-08	28.7289353348001	6.83452983519008	0.749061701572215	558
GRP-14	IL515rcbc66	GAAGAGGGTTGA	GTGYCAGCMGCCGCGGTAA	66	WalkeJW23C	TJALH_TTX	Swab	GRP	06/05/21	1190	1010	1100	GRP	High	High	1	M	16	82.2	193.4	5.591		45.9	4.357298475	WalkeJW23C_TJALH_TTX_GRP-14	20.7888549033792	5.72625561775078	0.686247908864133	325
TMC-05	IL515rcbc68	TTACACAAAGGC	GTGYCAGCMGCCGCGGTAA	68	WalkeJW23C	TJALH_TTX	Swab	TMC	06/21/21	0	0	0	TMC	High	High	0	M	16	80.9	168.9	4.237		42.9	4.662004662	WalkeJW23C_TJALH_TTX_TMC-05	16.1695489464926	5.25145659571127	0.667768603020793	233
GRP-19	IL515rcbc69	ACGACGCATTTG	GTGYCAGCMGCCGCGGTAA	69	WalkeJW23C	TJALH_TTX	Swab	GRP	06/05/21	0	0	0	GRP	High	High	0	M	22	87.3	172.9	6.718		32.4	6.172839506	WalkeJW23C_TJALH_TTX_GRP-19	9.11321810152954	3.38357444894229	0.497046868818111	112
WBC-04	IL515rcbc71	AGAGCCAAGAGC	GTGYCAGCMGCCGCGGTAA	71	WalkeJW23C	TJALH_TTX	Swab	WBC	05/18/21	493	292	393	WBC	Low	Low	1	F	14	72.1	156.3	0.071		35.5	5.633802817	WalkeJW23C_TJALH_TTX_WBC-04	3.1853843352172	2.8919170766692	0.547151750598788	39
LSSP-04	IL515rcbc72	GGTGAGCAAGCA	GTGYCAGCMGCCGCGGTAA	72	WalkeJW23C	TJALH_TTX	Swab	LSSP	05/24/21	0	0	0	LSSP	Low	Low	0	M	16	77.4	167	0.34	Odd speckling (took photo)	48.6	4.115226337	WalkeJW23C_TJALH_TTX_LSSP-04	18.9037684406824	4.36099742059	0.527234106696465	309
WBC-08	IL515rcbc73	TAAATATACCCT	GTGYCAGCMGCCGCGGTAA	73	WalkeJW23C	TJALH_TTX	Swab	WBC	05/18/21	720	1090	906	WBC	Low	Low	1	M	13	71.3	148.4	0.131	Shedding skin	46.7	4.282655246	WalkeJW23C_TJALH_TTX_WBC-08	2.27647491040318	3.41202417583158	0.70975083619813	28
FCSP-06	IL515rcbc74	TTGCGGACCCTA	GTGYCAGCMGCCGCGGTAA	74	WalkeJW23C	TJALH_TTX	Swab	FSCP	06/12/21	0	0	0	FCSP	High	Low	0	M	19	78.3	169.4	0.355		51	3.921568627	WalkeJW23C_TJALH_TTX_FCSP-06	25.9465394565339	6.37619481329758	0.691442235425417	597
WBC-23	IL515rcbc75	GTCGTCCAAATG	GTGYCAGCMGCCGCGGTAA	75	WalkeJW23C	TJALH_TTX	Swab	WBC	05/19/21	0	0	0	WBC	Low	Low	0	F	19	80.1	185.6	0.274		24.3	8.230452675	WalkeJW23C_TJALH_TTX_WBC-23	3.38996852943882	2.96979737890096	0.550746023658705	42
TMC-02	IL515rcbc76	TGCACAGTCGCT	GTGYCAGCMGCCGCGGTAA	76	WalkeJW23C	TJALH_TTX	Swab	TMC	06/21/21	0	0	0	TMC	High	High	0	M	14	69.4	155.8	4.107		29.7	6.734006734	WalkeJW23C_TJALH_TTX_TMC-02	15.3487929749804	5.19329296575241	0.664088761997911	226
SLNF-09	IL515rcbc77	TTACTGTGGCCG	GTGYCAGCMGCCGCGGTAA	77	WalkeJW23C	TJALH_TTX	Swab	SLNF	07/15/21	668	962	815	SLNF	Low	High	1	F	7	66.2	134.2	1.124	Used 3mm biopsy punch instead of 5mm due to small size	50	4	WalkeJW23C_TJALH_TTX_SLNF-09	11.334560632492	3.50414925737414	0.487376184033062	146
GRP-16	IL515rcbc78	GGTTCATGAACA	GTGYCAGCMGCCGCGGTAA	78	WalkeJW23C	TJALH_TTX	Swab	GRP	06/05/21	3730	5280	4500	GRP	High	High	1	M	12	72.9	138.2	3.698	Short tail (regrowing)	33.6	5.952380952	WalkeJW23C_TJALH_TTX_GRP-16	16.1689611513262	3.8680949174917	0.504155432615491	204
GRP-02	IL515rcbc79	TAACAATAATTC	GTGYCAGCMGCCGCGGTAA	79	WalkeJW23C	TJALH_TTX	Swab	GRP	06/05/21	0	0	0	GRP	High	High	0	M	17	77.8	178.6	6.245		41.4	4.830917874	WalkeJW23C_TJALH_TTX_GRP-02	29.7261178851343	6.51857960081269	0.714433683861866	558
LSSP-10	IL515rcbc80	CTTATTAAACGT	GTGYCAGCMGCCGCGGTAA	80	WalkeJW23C	TJALH_TTX	Swab	LSSP	05/24/21	0	0	0	LSSP	Low	Low	0	M	12	70	163.2	0.411		22.9	8.733624454	WalkeJW23C_TJALH_TTX_LSSP-10	24.6215291962747	5.24575997290415	0.60365491340239	413
WBC-20	IL515rcbc81	GCTCGAAGATTC	GTGYCAGCMGCCGCGGTAA	81	WalkeJW23C	TJALH_TTX	Swab	WBC	05/19/21	0	0	0	WBC	Low	Low	0	M	18	82.9	179.6	0.613		25.5	7.843137255	WalkeJW23C_TJALH_TTX_WBC-20	3.12459678883747	3.63730753791019	0.644472044574789	50
FCSP-04	IL515rcbc82	TATTTGATTGGT	GTGYCAGCMGCCGCGGTAA	82	WalkeJW23C	TJALH_TTX	Swab	FSCP	06/12/21	0	0	0	FCSP	High	Low	0	F	16	75.1	152.2	0.198		27.8	7.194244604	WalkeJW23C_TJALH_TTX_FCSP-04	35.3059736722485	6.7259623533868	0.70380977262068	753
GRP-25	IL515rcbc83	TGTCAAAGTGAC	GTGYCAGCMGCCGCGGTAA	83	WalkeJW23C	TJALH_TTX	Swab	GRP	06/05/21	625	579	602	GRP	High	High	1	M	14	77.6	164.3	4.908		30.4	6.578947368	WalkeJW23C_TJALH_TTX_GRP-25	27.7097046390647	5.91380464843633	0.669761081504525	455
WBC-12	IL515rcbc84	CTATGTATTAGT	GTGYCAGCMGCCGCGGTAA	84	WalkeJW23C	TJALH_TTX	Swab	WBC	05/19/21	596	709	653	WBC	Low	Low	1	F	15	73.2	145	0.478		53	3.773584906	WalkeJW23C_TJALH_TTX_WBC-12	2.3288848494013	2.14647272673355	0.446497660675079	28
SLNF-07	IL515rcbc85	ACTCCCGTGTGA	GTGYCAGCMGCCGCGGTAA	85	WalkeJW23C	TJALH_TTX	Swab	SLNF	07/15/21	0	0	0	SLNF	Low	High	0	F	8	65.6	138.1	1.592	Used 3mm biopsy punch instead of 5mm due to small size	11.6	17.24137931	WalkeJW23C_TJALH_TTX_SLNF-07	19.8797949235536	5.17451536798781	0.623839898729458	314
TMC-06	IL515rcbc86	CGGTATAGCAAT	GTGYCAGCMGCCGCGGTAA	86	WalkeJW23C	TJALH_TTX	Swab	TMC	06/21/21	2780	3110	2950	TMC	High	High	1	F	15	81.4	172	4.397		40.3	4.962779156	WalkeJW23C_TJALH_TTX_TMC-06	13.8374614282687	5.19535528542915	0.671107335929409	214
WBC-13	IL515rcbc88	GTCATGCTCCAG	GTGYCAGCMGCCGCGGTAA	88	WalkeJW23C	TJALH_TTX	Swab	WBC	05/19/21	218	292	255	WBC	Low	Low	1	F	14	72.8	155.7	0.124		56	3.571428571	WalkeJW23C_TJALH_TTX_WBC-13	3.35925930267066	3.97827514205728	0.708545098946995	49
LSSP-08	IL515rcbc89	TACCGAAGGTAT	GTGYCAGCMGCCGCGGTAA	89	WalkeJW23C	TJALH_TTX	Swab	LSSP	05/24/21	0	0	0	LSSP	Low	Low	0	M	17	82.3	178.4	0.217		55	3.636363636	WalkeJW23C_TJALH_TTX_LSSP-08	26.413957263606	6.5414826469168	0.72843886115148	505
WBC-09	IL515rcbc94	GTGCCATAATCG	GTGYCAGCMGCCGCGGTAA	94	WalkeJW23C	TJALH_TTX	Swab	WBC		874	1360	1120	WBC	Low	Low	1	F	16	81.3	170	0.411		51	3.921568627	WalkeJW23C_TJALH_TTX_WBC-09	36.7511778305592	7.9110304288198	0.812520937880865	853
